{
	"type": "Reconstructor",
	"localizedName":"Exponential Hangar aka Ohno Hangar",
    "description": "Upgrades units using ohno magic.",
	"size": 7,
	"constructTime": 800,
	"consumes": {
		"power": 13,
		"items": {
			"items": [
				{"item": "silicon", "amount": 640},
				{"item": "cryocrystal", "amount": 5400},
				{"item": "titanium", "amount": 480},
				{"item": "thorium", "amount": 250}
			]
		}
	},
	"requirements": [
		{"item": "bronze", "amount": 25000},
		{"item": "silicon", "amount": 180},
		{"item": "metaglass", "amount": 280},
		{"item": "thorium", "amount": 100}
	],
	"upgrades": [
        ["bfb", "zomg"],
		["red", "bhb"]
	],
	"category": "units",
	"research": "multiplicative-reconstructor"
}
