{
  "type": "powerTurret",
  "name": "Death Shot",
  "description": "Makes things stop existing, including itself.",
  "size": 2,
  "health": 100,
  "requirements": [
    {"item": "bronze", "amount": 10000},
    {"item": "silicon", "amount": 350},
    {"item": "cryocrystal", "amount": 10000}
  ],
  "shootCone": 2,
  "inaccuracy": 0,
  "recoilAmount": 0,
  "range": 800,
  "reloadTime": 1,
  "rotateSpeed": 360,
  "powerUse": 1.667,
  "shootType": {
    "type": "MissileBulletType",
    "homingPower": 0.1,
    "homingRange": 1600,
    "speed": 2,
    "lifetime": 1200,
    "damage": 10000,
    "splashDamage": 7000,
    "splashDamageRadius": 800,
    "drag": -0.001,
    "knockback": 40,
    "hittable": false,
    "reflectable": false,
    "absorbable": false,
    "status": {
      "name": "ded",
      "localizedName": "Pretty Much Dead",
      "speedMultiplier": 0.8,
      "damageMultiplier": 0.8,
      "healthMultiplier": 0.8,
      "damage": 1000,
      "effect": "melting"
    },
    "statusDuration": 3600,
    "killShooter": true,
    "frontColor": "f3e979",
    "backColor": "686b7b",
    "shootEffect": "cloudsmoke",
    "despawnEffect": "nuclearcloud",
    "hitEffect": "nuclearcloud",
    "trailColor": "454545",
    "trailEffect": "rocketSmoke",
    "ammoMultiplier": 1,
  },
  "research": "spectre",
  "category": "turret",
}
