{
  "type": "powerTurret",
  "name": "Benjamin the Hacker Monkey",
  "description": "Hacks stuff.",
  "size": 2,
  "health": 1000,
  "requirements": [
    {"item": "bronze", "amount": 1000},
    {"item": "silicon", "amount": 350},
  ],
  "shootCone": 2,
  "inaccuracy": 0,
  "recoilAmount": 0,
  "range": 800,
  "reloadTime": 300,
  "rotateSpeed": 360,
  "powerUse": 1.667,
  "shootType": {
    "type": "MissileBulletType",
    "homingPower": 0.1,
    "homingRange": 1600,
    "speed": 2,
    "lifetime": 1200,
    "damage": 100,
    "width": 10,
    "height": 10,
    "splashDamage": 1,
    "splashDamageRadius": 80,
    "drag": -0.001,
    "hittable": false,
    "reflectable": false,
    "absorbable": false,
    "status": "unmoving",
    "statusDuration": 360,
    "frontColor": "00cc00",
    "backColor": "009900",
    "shootEffect": "cloudsmoke",
    "despawnEffect": "nuclearcloud",
    "hitEffect": "nuclearcloud",
    "trailColor": "454545",
    "trailEffect": "rocketSmoke",
    "ammoMultiplier": 1,
  },
  "research": "spectre",
  "category": "turret",
}
