{
  "type": "powerTurret",
  "name": "Designator?",
  "description": "Supposed to target stuff, but do no damage. However, it does damage... somehow.",
  "size": 1,
  "health": 300,
  "requirements": [
    {"item": "titanium", "amount": 50},
    {"item": "silicon", "amount": 45},
    {"item": "bronze", "amount": 100000}
  ],
  "shootCone": 1,
  "inaccuracy": 360,
  "recoilAmount": 0,
  "range": 700,
  "reloadTime": 1,
  "powerUse": 0.1,
  "shootSound": "none",
  "shootType": {
    "type": "LaserBoltBulletType",
    "width": 3,
    "lifetime": 3500,
    "damage": 99999999,
    "speed": 2,
    "frontColor": "ff0000",
    "backColor": "ff0000",
    "smokeEffect": "none",
    "hitEffect": "none",
    "despawnEffect": "none",
    "shootEffect": "none",
    "ammoMultiplier": 1,
  },
  "buildVisibility": "sandboxOnly",
  "category": "turret",
}
