{
  "type": "powerTurret",
  "name": "Random Designator",
  "description": "Targets stuff, but does no damage. Best used with logic. Fires in 360 degrees.",
  "size": 1,
  "health": 300,
  "requirements": [
    {"item": "titanium", "amount": 50},
    {"item": "silicon", "amount": 45},
    {"item": "bronze", "amount": 100}
  ],
  "shootCone": 1,
  "inaccuracy": 360,
  "recoilAmount": 0,
  "range": 700,
  "reloadTime": 5,
  "powerUse": 0.1,
  "shootSound": "none",
  "shootType": {
    "type": "LaserBoltBulletType",
    "width": 3,
    "lifetime": 35,
    "damage": 0,
    "speed": 20,
    "frontColor": "ff0000",
    "backColor": "ff0000",
    "smokeEffect": "none",
    "hitEffect": "none",
    "despawnEffect": "none",
    "shootEffect": "none",
    "ammoMultiplier": 1,
  },
  "research": "scorch",
  "category": "turret",
}
